Frequency;;nTaskUserLoopNoneCompensateNone;nTaskManualLoopNoneCompensateNone;nExclusiveGatewayNoMarker;nExclusiveGatewayMarker;nParallelGateway;nInclusiveGateway;nEventBasedGateway;nComplexGateway;nStartMultipleEventDefinition;nStartNoneEventDefinition;nStartSignalEventDefinition;nStartConditionalEventDefinition;nStartTimerEventDefinition;nEndNoneEventDefinition;nEndTerminateEventDefinition;nIntermediateCatchMultipleEventDefinition;nIntermediateCatchMessageEventDefinition;nIntermediateCatchTimerEventDefinition;nIntermediateCatchConditionalEventDefinition;nIntermediateCatchLinkEventDefinition;nIntermediateCatchSignalEventDefinition;nIntermediateThrowNoneEventDefinition;nIntermediateThrowLinkEventDefinition;nIntermediateBoundaryMessageEvent;nIntermediateBoundaryTimerEvent;nIntermediateBoundaryCancelEvent;nIntermediateBoundaryConditionalEvent;nSequenceFlow;nDefaultFlow;nConditionalFlow;nChoreographyTask;nChoreographyMessage;nChoreographyTaskSequentialMultipleInstance;nChoreographyTaskParallelMultipleInstance;nChoreographyTaskLoop;nChoreographySubprocessCollapsed;nChoreographySubprocessCollapsedParallelMultipleInstance;nChoreographySubprocessCollapsedCall;nChoreographySubprocessExpanded;nChoreographySubprocessExpandedSequentialMultipleInstance;nChoreographySubprocessExpandedParallelMultipleInstance;nChoreographyParticipant;nChoreographyParticipantMultiple;nAssociationUndirected;nAssociationUnidirectional;nGroup;nTextAnnotation
7112;nChoreographyParticipant;0,033282809;0,033282809;-0,004622828;0,611130878;0,34098276;0,213427488;0,226450348;0,1066863;-0,030390899;0,368833743;-0,013046303;-0,005042721;0,000781378;0,506838998;0,21945781;0,126492721;0,160173541;0,416361308;0,040189091;0,083831193;0,043163228;0,033421282;0,057550333;0,112692264;0,170426261;0,038169783;0,162871597;0,847622202;0,179440156;0,023343052;0,865686348;0,464780404;0,045918021;0,135288271;0,154249553;0,214407917;-0,008757121;-0,076233891;0,150571684;0,037494546;0,013903533;1;-0,012176034;0,269501383;0,165120152;0,070891213;0,220742353
6485;nSequenceFlow;0,045614648;0,045614648;-0,016265983;0,831602136;0,443366468;0,259101986;0,376887414;0,126342683;-0,034703926;0,408941428;-0,016265983;-0,040795198;0,023516882;0,606974868;0,283796461;0,144784021;0,250496693;0,518545669;0,093374125;0,087864043;0,024288604;0,071754528;0,071075981;0,140482613;0,24291674;0,076247548;0,193731523;1;0,166852605;0,005899741;0,885922297;0,511105394;0,045614648;0,175058954;0,23145324;0,096247825;0,017638679;-0,044928986;0,09681766;0,008486269;0,04097397;0,847622202;-0,014664348;0,24898484;0,100422169;0,141033028;0,211048754
3418;nChoreographyTask;0,032749313;0,032749313;-0,002604319;0,678881077;0,346444701;0,220556381;0,257624143;0,10418205;-0,028708352;0,300509922;-0,011442727;-0,0169325;-0,007226276;0,491180978;0,269906139;0,133752511;0,164016366;0,384897585;0,031795172;0,05383064;-0,025731579;0,00245487;0,036136373;0,115167496;0,120901985;-0,003686466;0,174507017;0,885922297;0,173843232;-0,0100206;1;0,5115674;0,006234089;0,068505294;0,08637203;-0,088034556;-0,065207444;-0,076091334;0,016303309;0,023910905;-0,024968352;0,865686348;-0,026599813;0,25429894;0,015177706;0,212228124;0,263270736
2350;nChoreographyMessage;-0,035437985;-0,035437985;0,021881071;0,37865522;0,242284031;0,253783967;0,254441602;0,095942883;0,001995854;0,248578929;-0,035437985;0,022365707;-0,003011804;0,423210353;0,234346487;0,140937916;-0,054257001;0,321481138;0,026651747;0,10006864;-0,03210652;-0,026305106;0,095236036;-0,050163177;0,232451682;0,007791302;0,228964072;0,511105394;0,277325936;-0,054037112;0,5115674;1;-0,010872675;0,18059431;0,141433669;-0,094962873;-0,054721708;-0,061493953;-0,075000842;-0,035437985;-0,023603211;0,464780404;-0,029923429;0,351022646;-0,067576094;0,068271044;0,262639357
907;nExclusiveGatewayMarker;0,006129215;0,006129215;-0,031056971;1;0,233392193;0,243881854;0,139171976;0,092183963;-0,043961763;0,268503973;-0,031056971;-0,035015352;0,006979144;0,398100696;0,239707347;0,045157784;0,094799863;0,38228476;0,151520638;0,04914104;-0,016765795;0,00689864;0,038054803;0,17974884;0,166927061;0,061313815;0,180728327;0,831602136;0,159943062;0,142216153;0,678881077;0,37865522;0,0433154;0,112716415;0,173666006;0,018739068;-0,009522073;-0,032382599;0,083973334;-0,031056971;0,010635753;0,611130878;-0,047298268;0,206780501;0,065068773;0,155542564;0,203974916
740;nEndNoneEventDefinition;-0,01290724;-0,01290724;-0,01290724;0,398100696;0,324441186;0,059514274;0,302959796;0,010388108;-0,018270456;0,455799619;-0,01290724;-0,047061608;0,065159229;1;0,119416365;0,339400987;0,152204105;0,284168357;0,073802322;-0,029146731;-0,08492692;0,065105818;-0,03984635;0,006909386;0,149198335;0,157988435;0,273498463;0,606974868;0,111827485;0,053650225;0,491180978;0,423210353;-0,01290724;0,085183094;0,101951463;0,093279395;0,110337355;-0,001819075;0,002423777;-0,01290724;0,183385464;0,506838998;0,033312042;0,248226784;0,03046454;-0,020750372;0,161433501
484;nStartNoneEventDefinition;0,00880421;0,00880421;0,00880421;0,268503973;0,190950283;0,079839985;0,117712667;0,047478022;-0,102235034;1;0,00880421;-0,263340176;-0,217013222;0,455799619;0,208248766;0,030543048;0,020732761;0,138216492;0,039667689;-0,03945746;-0,013704731;-0,056816294;0,015268047;0,012462535;0,162441526;0,012462535;0,014159409;0,408941428;0,206425432;-0,041535928;0,300509922;0,248578929;0,00880421;0,096652736;0,071089203;0,21113335;-0,044719662;0,015277552;0,13399784;0,00880421;0,062145975;0,368833743;0,055198802;0,130747532;0,157809422;-0,034184565;0,0468604
376;nAssociationUndirected;-0,013349267;-0,013349267;-0,013349267;0,206780501;0,079825954;0,096543574;0,069591673;0,16989301;0,022037137;0,130747532;-0,013349267;-0,043266263;0,253896279;0,248226784;0,169101377;0,126039391;-0,035966463;0,19315696;0,027622178;-0,000328723;0,012718843;0,006183002;-0,00153445;-0,018896154;0,030853004;0,008392707;-0,021469018;0,24898484;0,116691398;-0,003326745;0,25429894;0,351022646;-0,013349267;0,024672397;0,028711912;-0,007209204;-0,025287801;-0,023164387;-0,038658394;-0,013349267;0,032590321;0,269501383;0,085652527;1;-0,023988299;0,118734505;0,807130808
294;nTextAnnotation;0,041964025;0,041964025;-0,009241516;0,203974916;0,07190689;0,002624224;0,037298163;0,137741643;0,035240094;0,0468604;-0,009241516;-0,028908617;0,252022137;0,161433501;0,20296378;0,019274469;-0,022931696;0,179031723;0,000996418;-0,002436637;0,051116657;-0,008086167;0,001580367;-0,01308155;0,032802;-0,01308155;-0,014862708;0,211048754;0,082291656;-0,026199143;0,263270736;0,262639357;-0,009241516;0,021123202;0,027173124;-0,009620299;-0,0175064;-0,006163646;-0,027776608;-0,009241516;0,043200069;0,220742353;0,03143264;0,807130808;-0,018100474;0,322458927;1
209;nChoreographySubprocessCollapsed;-0,01344908;-0,01344908;-0,01344908;0,018739068;0,024722682;-0,035307784;-0,015535631;-0,028622372;-0,019037441;0,21113335;-0,01344908;-0,009836324;0,088117444;0,093279395;0,188158022;-0,028915427;-0,028121984;0,006214439;0,002970264;0,021379847;0,158539998;0,048928416;0,004710983;-0,019037441;-0,020359773;0,079884383;-0,021629542;0,096247825;0,076805679;0,139134533;-0,088034556;-0,094962873;-0,01344908;-0,020579232;-0,022409426;1;0,093667148;-0,023337588;0,372034812;-0,01344908;0,037295475;0,214407917;-0,025909688;-0,007209204;0,579817515;-0,019689277;-0,009620299
188;nParallelGateway;0,189892573;0,189892573;-0,017993853;0,233392193;1;0,09829763;0,082314414;0,017008493;0,011312766;0,190950283;-0,017993853;-0,065608113;0,068278614;0,324441186;-0,026270013;0,035805736;-0,017699494;0,210082443;-0,006121175;0,016343004;0,128631979;-0,001525221;-0,055549395;-0,025470658;0,207496823;-0,025470658;0,114347419;0,443366468;0,034689774;-0,004484213;0,346444701;0,242284031;-0,017993853;0,173515599;0,151584134;0,024722682;-0,034086139;-0,031223929;0,080902155;0,08594936;-0,031223929;0,34098276;0,062638604;0,079825954;-0,035242841;0,071196482;0,07190689
117;nEventBasedGateway;-0,015908356;-0,015908356;-0,015908356;0,139171976;0,082314414;-0,002998449;1;0,018519636;-0,022518596;0,117712667;-0,015908356;-0,058004099;0,021262866;0,302959796;0,198719541;-0,023620432;0,487351671;0,324520154;0,051153796;0,088271223;-0,014328594;0,131861326;0,113693308;0,081990785;0,175647177;0,081990785;-0,025584684;0,376887414;0,132984064;-0,045099237;0,257624143;0,254441602;-0,015908356;0,172924026;0,231682384;-0,015535631;0,081752307;-0,02760506;-0,020119859;-0,015908356;0,057805467;0,226450348;0,018326362;0,069591673;-0,031158178;0,003957026;0,037298163
101;nIntermediateCatchTimerEventDefinition;-0,010604639;-0,010604639;-0,010604639;0,38228476;0,210082443;0,081922127;0,324520154;0,017876297;-0,015011079;0,138216492;0,046408421;-0,038666003;0,034437661;0,284168357;0,15861809;0,018059327;0,143018655;1;-0,020641182;-0,011982372;0,000183004;0,17054418;-0,024356641;0,025340485;0,294251294;0,065692048;0,153229268;0,518545669;0,109983487;-0,030063517;0,384897585;0,321481138;-0,010604639;0,227821711;0,245992808;0,006214439;0,066312251;-0,018401757;0,027006086;-0,010604639;0,047553055;0,416361308;-0,022968579;0,19315696;-0,020770294;0,04839787;0,179031723
48;nChoreographySubprocessExpanded;-0,010302446;-0,010302446;-0,010302446;0,083973334;0,080902155;-0,027046945;-0,020119859;-0,021925696;-0,014583318;0,13399784;-0,010302446;-0,037564163;0,003268463;0,002423777;0,066049405;-0,022150186;-0,030867568;0,027006086;0,07716818;-0,035493817;0,040402458;0,042876036;-0,031805008;-0,014583318;0,170989973;0,067903574;-0,016568954;0,09681766;-0,022723897;-0,029206817;0,016303309;-0,075000842;-0,010302446;0,129461657;0,052679078;0,372034812;-0,019516143;-0,017877374;1;-0,010302446;-0,017877374;0,150571684;-0,034163969;-0,038658394;0,625494886;-0,027852724;-0,027776608
46;nDefaultFlow;-0,008008467;-0,008008467;0,086526266;0,159943062;0,034689774;-0,021024578;0,132984064;-0,017043644;-0,011336145;0,206425432;-0,008008467;-0,029199996;-0,032833603;0,111827485;0,622729163;-0,017218148;-0,023994487;0,109983487;-0,015587917;0,033476143;-0,017179518;-0,018231307;-0,010825995;-0,011336145;-0,017043644;-0,011336145;-0,012879653;0,166852605;1;-0,022703525;0,173843232;0,277325936;-0,008008467;-0,000352385;-0,024642099;0,076805679;-0,01517061;-0,013896736;-0,022723897;-0,008008467;-0,013896736;0,179440156;-0,01644442;0,116691398;-0,01568542;-0,02165094;0,082291656
43;nIntermediateCatchMessageEventDefinition;-0,005527933;-0,005527933;-0,005527933;0,094799863;-0,017699494;-0,014512448;0,487351671;0,037756042;-0,0078249;0,020732761;-0,005527933;-0,020155621;-0,009035385;0,152204105;0,022026085;0,038142615;1;0,143018655;-0,010759732;-0,019044745;-0,011858352;0,000658484;-0,017065458;0,041581155;-0,011764564;-0,0078249;-0,008890323;0,250496693;-0,023994487;0,01036765;0,164016366;-0,054257001;-0,005527933;-0,014918574;0,058800221;-0,028121984;-0,010471682;-0,009592376;-0,030867568;-0,005527933;-0,009592376;0,160173541;-0,018331195;-0,035966463;-0,010827035;-0,014944801;-0,022931696
38;nConditionalFlow;-0,005230517;-0,005230517;-0,005230517;0,142216153;-0,004484213;-0,013731643;-0,045099237;-0,011131602;-0,007403901;-0,041535928;-0,005230517;-0,019071199;0,139066079;0,053650225;-0,016081249;-0,011245575;0,01036765;-0,030063517;-0,010180832;-0,018020091;-0,011220344;-0,011907292;-0,016147295;-0,007403901;-0,011131602;-0,007403901;-0,008412002;0,005899741;-0,022703525;1;-0,0100206;-0,054037112;-0,005230517;0,086738605;-0,01609433;0,139134533;0,103359003;-0,009076282;-0,029206817;-0,005230517;-0,009076282;0,023343052;-0,017344932;-0,003326745;-0,010244514;-0,014140734;-0,026199143
35;nAssociationUnidirectional;-0,003613661;-0,003613661;-0,003613661;0,065068773;-0,035242841;-0,009486923;-0,031158178;-0,007690605;-0,00511521;0,157809422;-0,003613661;-0,013175917;-0,01481551;0,03046454;0,145587165;-0,007769347;-0,010827035;-0,020770294;-0,007033737;-0,012449727;-0,007751916;-0,008226515;-0,011155849;-0,00511521;-0,007690605;-0,00511521;-0,005811687;0,100422169;-0,01568542;-0,010244514;0,015177706;-0,067576094;-0,003613661;-0,009752411;-0,011119257;0,579817515;-0,006845436;-0,006270625;0,625494886;-0,003613661;-0,006270625;0,165120152;-0,011983273;-0,023988299;1;-0,009769556;-0,018100474
34;nGroup;-0,004988019;-0,004988019;-0,004988019;0,155542564;0,071196482;0,070559014;0,003957026;-0,010615516;-0,00706064;-0,034184565;-0,004988019;-0,018187016;-0,020450183;-0,020750372;0,218451533;-0,010724205;-0,014944801;0,04839787;-0,009708826;0,017121461;0,064063179;-0,011355244;0,008022837;-0,00706064;-0,010615516;-0,00706064;-0,008022003;0,141033028;-0,02165094;-0,014140734;0,212228124;0,068271044;-0,004988019;-0,013461473;0,14325836;-0,019689277;-0,00944891;-0,008655486;-0,027852724;-0,004988019;-0,008655486;0,070891213;-0,016540782;0,118734505;-0,009769556;1;0,322458927
31;nChoreographyParticipantMultiple;0,422555412;0,422555412;-0,006118271;-0,047298268;0,062638604;-0,016062258;0,018326362;-0,013020922;-0,008660535;0,055198802;-0,006118271;-0,022308074;-0,004161411;0,033312042;-0,018810653;-0,013154239;-0,018331195;-0,022968579;-0,011908783;0,025073294;-0,013124726;0,067394843;0,044129814;-0,008660535;-0,013020922;0,067188987;-0,009839736;-0,014664348;-0,01644442;-0,017344932;-0,026599813;-0,029923429;-0,006118271;0,200404767;0,000571566;-0,025909688;0,0696146;-0,010616762;-0,034163969;-0,006118271;0,175347813;-0,012176034;1;0,085652527;-0,011983273;-0,016540782;0,03143264
22;nEndTerminateEventDefinition;-0,005672518;-0,005672518;-0,005672518;0,239707347;-0,026270013;-0,014892026;0,198719541;0,087249588;-0,008029563;0,208248766;-0,005672518;-0,020682797;-0,023256536;0,119416365;1;0,007871882;0,022026085;0,15861809;-0,011041157;-0,019542866;-0,012168512;-0,01291351;-0,017511811;-0,008029563;-0,01207227;-0,008029563;-0,009122852;0,283796461;0,622729163;-0,016081249;0,269906139;0,234346487;-0,005672518;-0,015308775;0,033228642;0,188158022;-0,010745572;-0,009843267;0,066049405;-0,005672518;-0,009843267;0,21945781;-0,018810653;0,169101377;0,145587165;0,218451533;0,20296378
21;nStartTimerEventDefinition;-0,007564319;-0,007564319;-0,007564319;0,006979144;0,068278614;-0,01985856;0,021262866;0,053278061;-0,010707445;-0,217013222;0,188027366;0,027277487;1;0,065159229;-0,023256536;-0,016263234;-0,009035385;0,034437661;-0,014723414;-0,026060469;0,009996834;0,205412417;-0,023352051;-0,010707445;-0,016098407;0,127724525;-0,01216535;0,023516882;-0,032833603;0,139066079;-0,007226276;-0,003011804;-0,007564319;-0,020414295;0,012126707;0,088117444;0,133876151;-0,013126026;0,003268463;-0,007564319;0,100007813;0,000781378;-0,004161411;0,253896279;-0,01481551;-0,020450183;0,252022137
21;nIntermediateThrowLinkEventDefinition;-0,005695815;-0,005695815;-0,005695815;0,038054803;-0,055549395;0,062376153;0,113693308;-0,012121851;-0,00806254;0,015268047;-0,005695815;-0,020767742;-0,023352051;-0,03984635;-0,017511811;0,008863744;-0,017065458;-0,024356641;-0,011086503;0,868323452;0,007527461;-0,012966546;1;0,096174587;-0,012121851;-0,00806254;-0,00916032;0,071075981;-0,010825995;-0,016147295;0,036136373;0,095236036;-0,005695815;0,117117316;0,0357885;0,004710983;-0,010789704;-0,009883694;-0,031805008;-0,005695815;-0,009883694;0,057550333;0,044129814;-0,00153445;-0,011155849;0,008022837;0,001580367
18;nIntermediateBoundaryTimerEvent;-0,003926574;-0,003926574;-0,003926574;0,166927061;0,207496823;-0,010308409;0,175647177;-0,008356546;-0,005558144;0,162441526;-0,003926574;-0,014316839;-0,016098407;0,149198335;-0,01207227;-0,008442106;-0,011764564;0,294251294;-0,007642799;-0,013527767;-0,008423165;-0,008938861;-0,012121851;-0,005558144;1;-0,005558144;-0,00631493;0,24291674;-0,017043644;-0,011131602;0,120901985;0,232451682;-0,003926574;0,602109223;0,459593225;-0,020359773;-0,007438193;-0,006813608;0,170989973;-0,003926574;-0,006813608;0,170426261;-0,013020922;0,030853004;-0,007690605;-0,010615516;0,032802
17;nChoreographyTaskLoop;-0,005677132;-0,005677132;-0,005677132;0,173666006;0,151584134;0,080307011;0,231682384;0,116556632;-0,008036094;0,071089203;-0,005677132;-0,020699621;0,012126707;0,101951463;0,033228642;-0,012205795;0,058800221;0,245992808;-0,011050138;0,019486856;0,012133636;0,124678724;0,0357885;0,120305059;0,459593225;0,120305059;-0,009130273;0,23145324;-0,024642099;-0,01609433;0,08637203;0,141433669;-0,005677132;0,310930788;1;-0,022409426;0,126647851;-0,009851274;0,052679078;-0,005677132;0,095035822;0,154249553;0,000571566;0,028711912;-0,011119257;0,14325836;0,027173124
16;nIntermediateCatchLinkEventDefinition;-0,006356427;-0,006356427;-0,006356427;0,04914104;0,016343004;0,096578839;0,088271223;-0,013527767;-0,00899765;-0,03945746;-0,006356427;-0,023176426;-0,026060469;-0,029146731;-0,019542866;0,017253671;-0,019044745;-0,011982372;-0,012372337;1;0,0152868;-0,014470432;0,868323452;-0,00899765;-0,013527767;-0,00899765;-0,010222752;0,087864043;0,033476143;-0,018020091;0,05383064;0,10006864;-0,006356427;0,079875559;0,019486856;0,021379847;-0,012041116;-0,011030024;-0,035493817;-0,006356427;-0,011030024;0,083831193;0,025073294;-0,000328723;-0,012449727;0,017121461;-0,002436637
16;nIntermediateCatchSignalEventDefinition;-0,003957877;-0,003957877;-0,003957877;-0,016765795;0,128631979;0,060135534;-0,014328594;-0,008423165;-0,005602454;-0,013704731;0,130362569;-0,014430975;0,009996834;-0,08492692;-0,012168512;-0,008509407;-0,011858352;0,000183004;-0,007703728;0,0152868;1;-0,009010122;0,007527461;-0,005602454;-0,008423165;-0,005602454;-0,006365273;0,024288604;-0,017179518;-0,011220344;-0,025731579;-0,03210652;-0,003957877;-0,010681366;0,012133636;0,158539998;-0,007497491;-0,006867927;0,040402458;-0,003957877;-0,006867927;0,043163228;-0,013124726;0,012718843;-0,007751916;0,064063179;0,051116657
15;nInclusiveGateway;-0,004843715;-0,004843715;-0,004843715;0,243881854;0,09829763;1;-0,002998449;-0,010308409;-0,006856376;0,079839985;-0,004843715;-0,017660866;-0,01985856;0,059514274;-0,014892026;-0,010413954;-0,014512448;0,081922127;-0,00942795;0,096578839;0,060135534;-0,011026737;0,062376153;-0,006856376;-0,010308409;-0,006856376;-0,007789926;0,259101986;-0,021024578;-0,013731643;0,220556381;0,253783967;-0,004843715;-0,013072033;0,080307011;-0,035307784;-0,009175553;-0,008405083;-0,027046945;-0,004843715;-0,008405083;0,213427488;-0,016062258;0,096543574;-0,009486923;0,070559014;0,002624224
15;nIntermediateCatchMultipleEventDefinition;-0,003966777;-0,003966777;-0,003966777;0,045157784;0,035805736;-0,010413954;-0,023620432;0,042491934;-0,005615052;0,030543048;-0,003966777;-0,014463425;-0,016263234;0,339400987;0,007871882;1;0,038142615;0,018059327;-0,007721051;0,017253671;-0,008509407;-0,009030383;0,008863744;-0,005615052;-0,008442106;-0,005615052;-0,006379586;0,144784021;-0,017218148;-0,011245575;0,133752511;0,140937916;-0,003966777;-0,010705385;-0,012205795;-0,028915427;-0,00751435;-0,006883371;-0,022150186;-0,003966777;-0,006883371;0,126492721;-0,013154239;0,126039391;-0,007769347;-0,010724205;0,019274469
13;nStartConditionalEventDefinition;-0,006727196;-0,006727196;-0,006727196;-0,035015352;-0,065608113;-0,017660866;-0,058004099;-0,014316839;-0,009522481;-0,263340176;-0,006727196;1;0,027277487;-0,047061608;-0,020682797;-0,014463425;-0,020155621;-0,038666003;-0,013094013;-0,023176426;-0,014430975;0,037991712;-0,020767742;-0,009522481;-0,014316839;-0,009522481;-0,010819043;-0,040795198;-0,029199996;-0,019071199;-0,0169325;0,022365707;-0,006727196;-0,0181551;-0,020699621;-0,009836324;-0,012743472;-0,011673403;-0,037564163;-0,006727196;-0,011673403;-0,005042721;-0,022308074;-0,043266263;-0,013175917;-0,018187016;-0,028908617
12;nIntermediateThrowNoneEventDefinition;-0,004200192;-0,004200192;-0,004200192;0,00689864;-0,001525221;-0,011026737;0,131861326;-0,008938861;-0,005945455;-0,056816294;-0,004200192;0,037991712;0,205412417;0,065105818;-0,01291351;-0,009030383;0,000658484;0,17054418;0,203216515;-0,014470432;-0,009010122;1;-0,012966546;-0,005945455;-0,008938861;0,532118258;-0,006754977;0,071754528;-0,018231307;-0,011907292;0,00245487;-0,026305106;-0,004200192;-0,011335317;0,124678724;0,048928416;0,568095022;-0,007288405;0,042876036;-0,004200192;0,432445373;0,033421282;0,067394843;0,006183002;-0,008226515;-0,011355244;-0,008086167
12;nChoreographyTaskParallelMultipleInstance;-0,004979265;-0,004979265;-0,004979265;0,112716415;0,173515599;-0,013072033;0,172924026;-0,010596887;-0,007048249;0,096652736;-0,004979265;-0,0181551;-0,020414295;0,085183094;-0,015308775;-0,010705385;-0,014918574;0,227821711;-0,009691788;0,079875559;-0,010681366;-0,011335317;0,117117316;-0,007048249;0,602109223;-0,007048249;-0,008007925;0,175058954;-0,000352385;0,086738605;0,068505294;0,18059431;-0,004979265;1;0,310930788;-0,020579232;-0,009432328;-0,008640296;0,129461657;-0,004979265;-0,008640296;0,135288271;0,200404767;0,024672397;-0,009752411;-0,013461473;0,021123202
8;nChoreographyTaskSequentialMultipleInstance;-0,001845018;-0,001845018;-0,001845018;0,0433154;-0,017993853;-0,004843715;-0,015908356;-0,003926574;-0,002611661;0,00880421;-0,001845018;-0,006727196;-0,007564319;-0,01290724;-0,005672518;-0,003966777;-0,005527933;-0,010604639;-0,003591198;-0,006356427;-0,003957877;-0,004200192;-0,005695815;-0,002611661;-0,003926574;-0,002611661;-0,002967259;0,045614648;-0,008008467;-0,005230517;0,006234089;-0,010872675;1;-0,004979265;-0,005677132;-0,01344908;-0,003495058;-0,003201578;-0,010302446;-0,001845018;-0,003201578;0,045918021;-0,006118271;-0,013349267;-0,003613661;-0,004988019;-0,009241516
7;nIntermediateCatchConditionalEventDefinition;-0,003591198;-0,003591198;-0,003591198;0,151520638;-0,006121175;-0,00942795;0,051153796;-0,007642799;-0,005083413;0,039667689;-0,003591198;-0,013094013;-0,014723414;0,073802322;-0,011041157;-0,007721051;-0,010759732;-0,020641182;1;-0,012372337;-0,007703728;0,203216515;-0,011086503;-0,005083413;-0,007642799;0,389244196;-0,005775561;0,093374125;-0,015587917;-0,010180832;0,031795172;0,026651747;-0,003591198;-0,009691788;-0,011050138;0,002970264;-0,006802884;-0,006231646;0,07716818;-0,003591198;-0,006231646;0,040189091;-0,011908783;0,027622178;-0,007033737;-0,009708826;0,000996418
7;nIntermediateBoundaryConditionalEvent;-0,002967259;-0,002967259;-0,002967259;0,180728327;0,114347419;-0,007789926;-0,025584684;-0,00631493;-0,004200215;0,014159409;-0,002967259;-0,010819043;-0,01216535;0,273498463;-0,009122852;-0,006379586;-0,008890323;0,153229268;-0,005775561;-0,010222752;-0,006365273;-0,006754977;-0,00916032;-0,004200215;-0,00631493;-0,004200215;1;0,193731523;-0,012879653;-0,008412002;0,174507017;0,228964072;-0,002967259;-0,008007925;-0,009130273;-0,021629542;-0,005620942;-0,005148952;-0,016568954;-0,002967259;-0,005148952;0,162871597;-0,009839736;-0,021469018;-0,005811687;-0,008022003;-0,014862708
6;nComplexGateway;-0,003926574;-0,003926574;-0,003926574;0,092183963;0,017008493;-0,010308409;0,018519636;1;-0,005558144;0,047478022;-0,003926574;-0,014316839;0,053278061;0,010388108;0,087249588;0,042491934;0,037756042;0,017876297;-0,007642799;-0,013527767;-0,008423165;-0,008938861;-0,012121851;-0,005558144;-0,008356546;-0,005558144;-0,00631493;0,126342683;-0,017043644;-0,011131602;0,10418205;0,095942883;-0,003926574;-0,010596887;0,116556632;-0,028622372;-0,007438193;-0,006813608;-0,021925696;-0,003926574;-0,006813608;0,1066863;-0,013020922;0,16989301;-0,007690605;-0,010615516;0,137741643
5;nChoreographySubprocessCollapsedParallelMultipleInstance;-0,003495058;-0,003495058;-0,003495058;-0,009522073;-0,034086139;-0,009175553;0,081752307;-0,007438193;-0,004947324;-0,044719662;-0,003495058;-0,012743472;0,133876151;0,110337355;-0,010745572;-0,00751435;-0,010471682;0,066312251;-0,006802884;-0,012041116;-0,007497491;0,568095022;-0,010789704;-0,004947324;-0,007438193;0,532332091;-0,005620942;0,017638679;-0,01517061;0,103359003;-0,065207444;-0,054721708;-0,003495058;-0,009432328;0,126647851;0,093667148;1;-0,006064818;-0,019516143;-0,003495058;0,433027992;-0,008757121;0,0696146;-0,025287801;-0,006845436;-0,00944891;-0,0175064
3;nChoreographySubprocessCollapsedCall;-0,003201578;-0,003201578;-0,003201578;-0,032382599;-0,031223929;-0,008405083;-0,02760506;-0,006813608;-0,004531898;0,015277552;-0,003201578;-0,011673403;-0,013126026;-0,001819075;-0,009843267;-0,006883371;-0,009592376;-0,018401757;-0,006231646;-0,011030024;-0,006867927;-0,007288405;-0,009883694;-0,004531898;-0,006813608;-0,004531898;-0,005148952;-0,044928986;-0,013896736;-0,009076282;-0,076091334;-0,061493953;-0,003201578;-0,008640296;-0,009851274;-0,023337588;-0,006064818;1;-0,017877374;-0,003201578;-0,005555556;-0,076233891;-0,010616762;-0,023164387;-0,006270625;-0,008655486;-0,006163646
3;nChoreographySubprocessExpandedParallelMultipleInstance;-0,003201578;-0,003201578;-0,003201578;0,010635753;-0,031223929;-0,008405083;0,057805467;-0,006813608;-0,004531898;0,062145975;-0,003201578;-0,011673403;0,100007813;0,183385464;-0,009843267;-0,006883371;-0,009592376;0,047553055;-0,006231646;-0,011030024;-0,006867927;0,432445373;-0,009883694;-0,004531898;-0,006813608;0,405604858;-0,005148952;0,04097397;-0,013896736;-0,009076282;-0,024968352;-0,023603211;-0,003201578;-0,008640296;0,095035822;0,037295475;0,433027992;-0,005555556;-0,017877374;-0,003201578;1;0,013903533;0,175347813;0,032590321;-0,006270625;-0,008655486;0,043200069
2;nTaskManualLoopNoneCompensateNone;1;1;-0,001845018;0,006129215;0,189892573;-0,004843715;-0,015908356;-0,003926574;-0,002611661;0,00880421;-0,001845018;-0,006727196;-0,007564319;-0,01290724;-0,005672518;-0,003966777;-0,005527933;-0,010604639;-0,003591198;-0,006356427;-0,003957877;-0,004200192;-0,005695815;-0,002611661;-0,003926574;-0,002611661;-0,002967259;0,045614648;-0,008008467;-0,005230517;0,032749313;-0,035437985;-0,001845018;-0,004979265;-0,005677132;-0,01344908;-0,003495058;-0,003201578;-0,010302446;-0,001845018;-0,003201578;0,033282809;0,422555412;-0,013349267;-0,003613661;-0,004988019;0,041964025
2;nStartMultipleEventDefinition;-0,002611661;-0,002611661;-0,002611661;-0,043961763;0,011312766;-0,006856376;-0,022518596;-0,005558144;1;-0,102235034;-0,002611661;-0,009522481;-0,010707445;-0,018270456;-0,008029563;-0,005615052;-0,0078249;-0,015011079;-0,005083413;-0,00899765;-0,005602454;-0,005945455;-0,00806254;-0,003696858;-0,005558144;-0,003696858;-0,004200215;-0,034703926;-0,011336145;-0,007403901;-0,028708352;0,001995854;-0,002611661;-0,007048249;-0,008036094;-0,019037441;-0,004947324;-0,004531898;-0,014583318;-0,002611661;-0,004531898;-0,030390899;-0,008660535;0,022037137;-0,00511521;-0,00706064;0,035240094
2;nIntermediateBoundaryMessageEvent;-0,002611661;-0,002611661;-0,002611661;0,17974884;-0,025470658;-0,006856376;0,081990785;-0,005558144;-0,003696858;0,012462535;-0,002611661;-0,009522481;-0,010707445;0,006909386;-0,008029563;-0,005615052;0,041581155;0,025340485;-0,005083413;-0,00899765;-0,005602454;-0,005945455;0,096174587;1;-0,005558144;-0,003696858;-0,004200215;0,140482613;-0,011336145;-0,007403901;0,115167496;-0,050163177;-0,002611661;-0,007048249;0,120305059;-0,019037441;-0,004947324;-0,004531898;-0,014583318;-0,002611661;-0,004531898;0,112692264;-0,008660535;-0,018896154;-0,00511521;-0,00706064;-0,01308155
2;nIntermediateBoundaryCancelEvent;-0,002611661;-0,002611661;-0,002611661;0,061313815;-0,025470658;-0,006856376;0,081990785;-0,005558144;-0,003696858;0,012462535;-0,002611661;-0,009522481;0,127724525;0,157988435;-0,008029563;-0,005615052;-0,0078249;0,065692048;0,389244196;-0,00899765;-0,005602454;0,532118258;-0,00806254;-0,003696858;-0,005558144;1;-0,004200215;0,076247548;-0,011336145;-0,007403901;-0,003686466;0,007791302;-0,002611661;-0,007048249;0,120305059;0,079884383;0,532332091;-0,004531898;0,067903574;-0,002611661;0,405604858;0,038169783;0,067188987;0,008392707;-0,00511521;-0,00706064;-0,01308155
1;nTaskUserLoopNoneCompensateNone;1;1;-0,001845018;0,006129215;0,189892573;-0,004843715;-0,015908356;-0,003926574;-0,002611661;0,00880421;-0,001845018;-0,006727196;-0,007564319;-0,01290724;-0,005672518;-0,003966777;-0,005527933;-0,010604639;-0,003591198;-0,006356427;-0,003957877;-0,004200192;-0,005695815;-0,002611661;-0,003926574;-0,002611661;-0,002967259;0,045614648;-0,008008467;-0,005230517;0,032749313;-0,035437985;-0,001845018;-0,004979265;-0,005677132;-0,01344908;-0,003495058;-0,003201578;-0,010302446;-0,001845018;-0,003201578;0,033282809;0,422555412;-0,013349267;-0,003613661;-0,004988019;0,041964025
1;nExclusiveGatewayNoMarker;-0,001845018;-0,001845018;1;-0,031056971;-0,017993853;-0,004843715;-0,015908356;-0,003926574;-0,002611661;0,00880421;-0,001845018;-0,006727196;-0,007564319;-0,01290724;-0,005672518;-0,003966777;-0,005527933;-0,010604639;-0,003591198;-0,006356427;-0,003957877;-0,004200192;-0,005695815;-0,002611661;-0,003926574;-0,002611661;-0,002967259;-0,016265983;0,086526266;-0,005230517;-0,002604319;0,021881071;-0,001845018;-0,004979265;-0,005677132;-0,01344908;-0,003495058;-0,003201578;-0,010302446;-0,001845018;-0,003201578;-0,004622828;-0,006118271;-0,013349267;-0,003613661;-0,004988019;-0,009241516
1;nStartSignalEventDefinition;-0,001845018;-0,001845018;-0,001845018;-0,031056971;-0,017993853;-0,004843715;-0,015908356;-0,003926574;-0,002611661;0,00880421;1;-0,006727196;0,188027366;-0,01290724;-0,005672518;-0,003966777;-0,005527933;0,046408421;-0,003591198;-0,006356427;0,130362569;-0,004200192;-0,005695815;-0,002611661;-0,003926574;-0,002611661;-0,002967259;-0,016265983;-0,008008467;-0,005230517;-0,011442727;-0,035437985;-0,001845018;-0,004979265;-0,005677132;-0,01344908;-0,003495058;-0,003201578;-0,010302446;-0,001845018;-0,003201578;-0,013046303;-0,006118271;-0,013349267;-0,003613661;-0,004988019;-0,009241516
1;nChoreographySubprocessExpandedSequentialMultipleInstance;-0,001845018;-0,001845018;-0,001845018;-0,031056971;0,08594936;-0,004843715;-0,015908356;-0,003926574;-0,002611661;0,00880421;-0,001845018;-0,006727196;-0,007564319;-0,01290724;-0,005672518;-0,003966777;-0,005527933;-0,010604639;-0,003591198;-0,006356427;-0,003957877;-0,004200192;-0,005695815;-0,002611661;-0,003926574;-0,002611661;-0,002967259;0,008486269;-0,008008467;-0,005230517;0,023910905;-0,035437985;-0,001845018;-0,004979265;-0,005677132;-0,01344908;-0,003495058;-0,003201578;-0,010302446;1;-0,003201578;0,037494546;-0,006118271;-0,013349267;-0,003613661;-0,004988019;-0,009241516
